order_date,country,daily_revenue,avg_order_value,unique_customers
2011-12-09,United Kingdom,196134.0,5448.17,28
2011-12-09,France,249.0,249.45,1
2011-12-09,Germany,1690.0,422.43,4
2011-12-09,Belgium,209.0,208.64,1
2011-12-09,Norway,2639.0,1319.35,1
2011-12-08,Austria,683.0,683.2,1
2011-12-08,EIRE,1084.0,1084.14,1
2011-12-08,France,166.0,165.9,1
2011-12-08,United Kingdom,79123.0,688.03,100
2011-12-08,Netherlands,251.0,250.6,1
2011-12-08,Germany,1188.0,1188.2,1
2011-12-07,EIRE,3857.0,1285.63,1
2011-12-07,Germany,2879.0,719.81,3
2011-12-07,France,1118.0,558.81,2
2011-12-07,United Kingdom,55338.0,601.5,84
2011-12-07,Spain,144.0,144.15,1
2011-12-07,Netherlands,11477.0,5738.71,1
2011-12-07,Portugal,401.0,400.58,1
2011-12-07,Iceland,225.0,224.82,1
2011-12-06,Portugal,718.0,718.43,1
2011-12-06,France,1404.0,350.99,4
2011-12-06,Spain,172.0,172.06,1
2011-12-06,Belgium,899.0,449.39,2
2011-12-06,United Kingdom,52639.0,501.32,93
2011-12-06,Greece,681.0,680.99,1
2011-12-06,Italy,200.0,200.45,1
2011-12-05,France,797.0,398.74,1
2011-12-05,Sweden,238.0,238.0,1
2011-12-05,Germany,284.0,142.13,2
2011-12-05,Portugal,252.0,252.25,1
2011-12-05,EIRE,587.0,293.7,1
2011-12-05,USA,615.0,615.28,1
2011-12-05,United Kingdom,85453.0,743.07,95
2011-12-05,Denmark,169.0,168.9,1
2011-12-05,Channel Islands,198.0,198.4,1
2011-12-05,Norway,147.0,147.01,1
2011-12-04,EIRE,774.0,773.54,1
2011-12-04,France,1032.0,343.96,3
2011-12-04,Germany,1180.0,393.29,3
2011-12-04,United Kingdom,21636.0,366.71,51
2011-12-02,Finland,343.0,171.38,2
2011-12-02,France,1579.0,526.42,3
2011-12-02,USA,270.0,269.96,1
2011-12-02,United Kingdom,53658.0,483.4,86
2011-12-02,Germany,67.0,67.0,1
2011-12-02,Portugal,1437.0,1436.93,1
2011-12-02,Belgium,310.0,310.32,1
2011-12-01,EIRE,1039.0,346.31,1
2011-12-01,Germany,696.0,347.94,2
2011-12-01,United Kingdom,48641.0,430.45,105
2011-12-01,France,931.0,465.69,2
2011-12-01,Finland,890.0,890.0,1
2011-11-30,Denmark,906.0,905.52,1
2011-11-30,Finland,569.0,569.09,1
2011-11-30,Norway,2843.0,2843.29,1
2011-11-30,Portugal,56.0,56.0,1
2011-11-30,United Kingdom,50546.0,543.51,78
2011-11-30,Netherlands,119.0,119.0,1
2011-11-30,France,2814.0,562.72,5
2011-11-30,EIRE,1595.0,531.55,2
2011-11-30,Germany,679.0,339.7,2
2011-11-29,Germany,1359.0,339.72,3
2011-11-29,Japan,3652.0,3651.6,1
2011-11-29,France,1339.0,669.56,2
2011-11-29,United Kingdom,65304.0,526.65,99
2011-11-29,Belgium,282.0,281.9,1
2011-11-29,Spain,171.0,170.74,1
2011-11-29,Switzerland,263.0,262.5,1
2011-11-29,Finland,227.0,227.2,1
2011-11-28,United Kingdom,52649.0,487.49,92
2011-11-28,EIRE,1879.0,939.41,1
2011-11-28,France,1227.0,409.11,2
2011-11-28,Germany,1410.0,704.94,2
2011-11-27,United Kingdom,19781.0,353.24,50
2011-11-27,EIRE,830.0,829.91,1
2011-11-25,Norway,2017.0,2016.78,1
2011-11-25,Germany,125.0,125.22,1
2011-11-25,France,1260.0,420.1,3
2011-11-25,EIRE,294.0,293.79,1
2011-11-25,United Kingdom,47127.0,612.03,63
2011-11-24,United Kingdom,42329.0,436.38,86
2011-11-24,EIRE,207.0,207.14,1
2011-11-24,Spain,178.0,178.48,1
2011-11-24,France,2242.0,1120.94,2
2011-11-24,Germany,4244.0,530.55,5
2011-11-24,Unspecified,633.0,632.55,0
2011-11-24,Portugal,859.0,429.56,2
2011-11-24,Australia,286.0,286.4,1
2011-11-23,United Kingdom,64672.0,552.75,97
2011-11-23,Germany,712.0,237.34,3
2011-11-23,EIRE,177.0,177.33,1
2011-11-23,France,348.0,174.19,1
2011-11-23,Spain,2990.0,2990.0,1
2011-11-23,Netherlands,10079.0,3359.55,1
2011-11-23,Italy,385.0,385.06,1
2011-11-23,Switzerland,431.0,215.29,1
2011-11-23,Finland,310.0,310.0,1
2011-11-22,Italy,611.0,305.6,2
2011-11-22,EIRE,2055.0,685.07,1
2011-11-22,France,944.0,471.82,2
2011-11-22,Belgium,301.0,301.25,1
2011-11-22,Germany,1055.0,527.69,2
2011-11-22,United Kingdom,57907.0,474.65,109
2011-11-22,Netherlands,810.0,404.8,2
2011-11-22,Sweden,407.0,406.72,1
2011-11-21,Italy,1758.0,1757.55,1
2011-11-21,Spain,427.0,427.48,1
2011-11-21,United Kingdom,45173.0,491.01,78
2011-11-21,France,398.0,397.72,1
2011-11-21,Germany,719.0,359.35,2
2011-11-21,Portugal,430.0,430.48,1
2011-11-21,EIRE,901.0,450.3,1
2011-11-20,EIRE,918.0,917.54,1
2011-11-20,Germany,219.0,219.0,1
2011-11-20,Belgium,266.0,265.83,1
2011-11-20,United Kingdom,31565.0,343.1,83
2011-11-20,Netherlands,158.0,158.24,1
2011-11-20,France,839.0,419.36,2
2011-11-20,Spain,1094.0,547.12,2
2011-11-18,Norway,937.0,936.64,1
2011-11-18,Switzerland,926.0,925.64,1
2011-11-18,Italy,1363.0,681.58,2
2011-11-18,EIRE,786.0,785.56,1
2011-11-18,Germany,1135.0,283.84,3
2011-11-18,Belgium,1040.0,1040.39,1
2011-11-18,United Kingdom,43389.0,466.55,84
2011-11-18,Netherlands,166.0,166.0,1
2011-11-18,Cyprus,461.0,460.89,1
2011-11-18,France,1073.0,357.56,3
2011-11-17,France,3264.0,816.0,3
2011-11-17,United Kingdom,41741.0,366.15,105
2011-11-17,Spain,1184.0,592.03,2
2011-11-17,Germany,3721.0,744.19,5
2011-11-17,Belgium,1492.0,746.15,2
2011-11-17,EIRE,1602.0,801.21,1
2011-11-17,Portugal,58.0,58.35,1
2011-11-17,Japan,4808.0,4808.48,1
2011-11-17,Denmark,1794.0,1794.05,1
2011-11-17,Italy,248.0,248.2,1
2011-11-17,Finland,234.0,117.17,1
2011-11-17,Malta,743.0,743.43,1
2011-11-17,Channel Islands,212.0,211.63,1
2011-11-16,Unspecified,333.0,333.2,0
2011-11-16,Netherlands,233.0,232.5,1
2011-11-16,United Kingdom,55299.0,489.37,98
2011-11-16,Germany,3612.0,361.21,8
2011-11-16,France,1575.0,787.64,2
2011-11-16,EIRE,4906.0,1635.43,2
2011-11-15,Germany,893.0,446.71,2
2011-11-15,EIRE,2246.0,449.26,2
2011-11-15,United Kingdom,51321.0,534.6,85
2011-11-15,France,809.0,404.61,2
2011-11-15,Sweden,182.0,181.66,1
2011-11-15,Australia,5355.0,2677.7,1
2011-11-14,Portugal,511.0,255.55,2
2011-11-14,EIRE,348.0,348.21,1
2011-11-14,France,1666.0,555.47,3
2011-11-14,Sweden,1238.0,1238.48,1
2011-11-14,United Kingdom,108580.0,1142.95,82
2011-11-14,Germany,598.0,299.19,2
2011-11-14,Hong Kong,326.0,326.1,0
2011-11-14,Finland,408.0,408.34,1
2011-11-14,Austria,743.0,742.93,1
2011-11-13,France,123.0,123.08,1
2011-11-13,EIRE,4454.0,1113.61,1
2011-11-13,United Kingdom,28906.0,356.86,72
2011-11-13,Austria,587.0,586.85,1
2011-11-11,Switzerland,293.0,292.58,1
2011-11-11,Germany,3029.0,432.69,6
2011-11-11,France,2359.0,393.15,5
2011-11-11,United Kingdom,46541.0,541.18,71
2011-11-11,Sweden,224.0,223.68,1
2011-11-11,EIRE,2507.0,835.59,2
2011-11-11,Portugal,305.0,305.3,1
2011-11-10,Netherlands,9823.0,3274.37,1
2011-11-10,France,2128.0,304.0,6
2011-11-10,Spain,809.0,404.49,2
2011-11-10,United Kingdom,55903.0,499.14,99
2011-11-10,Germany,1342.0,335.4,3
2011-11-10,EIRE,1003.0,1003.03,1
2011-11-09,France,1069.0,534.41,2
2011-11-09,United Kingdom,63783.0,554.64,97
2011-11-09,EIRE,826.0,826.04,1
2011-11-09,Germany,449.0,449.4,1
2011-11-08,Spain,574.0,573.71,1
2011-11-08,United Kingdom,55231.0,536.23,91
2011-11-08,Belgium,507.0,253.27,1
2011-11-08,France,1389.0,694.39,2
2011-11-07,France,289.0,288.67,0
2011-11-07,EIRE,1157.0,289.33,2
2011-11-07,United Kingdom,82770.0,997.23,74
2011-11-07,Belgium,755.0,754.5,1
2011-11-07,Germany,549.0,274.43,2
2011-11-07,Spain,140.0,140.0,1
2011-11-07,Portugal,222.0,222.26,1
2011-11-06,Norway,419.0,419.06,1
2011-11-06,Channel Islands,1303.0,651.57,1
2011-11-06,Switzerland,6208.0,6207.67,1
2011-11-06,United Kingdom,33161.0,352.77,81
2011-11-06,Germany,1184.0,394.68,3
2011-11-06,Sweden,672.0,671.69,1
2011-11-04,United Kingdom,57802.0,680.02,65
2011-11-04,Spain,739.0,738.57,1
2011-11-04,Belgium,1673.0,836.52,2
2011-11-04,France,462.0,230.96,1
2011-11-04,Australia,601.0,601.44,1
2011-11-04,Poland,379.0,379.28,1
2011-11-04,Finland,1321.0,660.64,2
2011-11-03,Norway,312.0,311.73,1
2011-11-03,Australia,375.0,375.24,1
2011-11-03,Portugal,202.0,202.3,1
2011-11-03,United Kingdom,59828.0,636.46,78
2011-11-03,Germany,818.0,408.99,2
2011-11-03,Spain,373.0,372.7,1
2011-11-03,France,1654.0,551.33,2
2011-11-02,United Kingdom,38905.0,505.26,73
2011-11-02,Netherlands,4487.0,1495.64,1
2011-11-02,Germany,171.0,171.23,1
2011-11-02,France,633.0,633.44,1
2011-11-02,Australia,624.0,624.24,1
2011-11-02,Italy,86.0,85.92,1
2011-11-02,Poland,982.0,981.95,1
2011-11-01,EIRE,2047.0,1023.53,1
2011-11-01,United Kingdom,25133.0,353.99,69
2011-11-01,France,1855.0,618.27,3
2011-11-01,Italy,120.0,120.0,1
2011-10-31,Belgium,463.0,462.85,1
2011-10-31,Germany,786.0,196.38,4
2011-10-31,United Kingdom,53211.0,872.32,50
2011-10-31,France,485.0,242.66,2
2011-10-31,EIRE,597.0,596.91,1
2011-10-31,Finland,215.0,214.9,1
2011-10-31,Iceland,1294.0,1294.32,1
2011-10-31,Italy,318.0,317.82,1
2011-10-30,Sweden,454.0,454.2,1
2011-10-30,Spain,2176.0,2176.45,1
2011-10-30,Belgium,299.0,299.06,1
2011-10-30,France,215.0,214.74,1
2011-10-30,EIRE,502.0,501.66,1
2011-10-30,United Kingdom,30582.0,339.8,82
2011-10-30,Italy,343.0,343.0,1
2011-10-28,United Kingdom,28224.0,421.25,54
2011-10-28,Belgium,499.0,499.16,1
2011-10-28,France,8990.0,2996.82,2
2011-10-28,Germany,1089.0,544.42,2
2011-10-28,Switzerland,410.0,204.99,0
2011-10-28,Norway,1043.0,521.33,1
2011-10-28,Hong Kong,311.0,311.1,0
2011-10-27,Germany,486.0,242.82,2
2011-10-27,United Kingdom,34768.0,382.07,80
2011-10-27,Netherlands,9995.0,3331.74,1
2011-10-27,France,9426.0,1570.99,4
2011-10-27,Norway,1755.0,877.53,2
2011-10-27,Italy,160.0,160.0,1
2011-10-27,Finland,702.0,701.79,1
2011-10-26,Belgium,787.0,786.95,1
2011-10-26,United Kingdom,33480.0,384.82,70
2011-10-26,Spain,449.0,449.45,1
2011-10-26,Japan,1948.0,974.02,2
2011-10-26,Germany,120.0,59.87,1
2011-10-26,Switzerland,1276.0,637.82,2
2011-10-25,Germany,1097.0,548.58,1
2011-10-25,United Kingdom,37840.0,525.55,62
2011-10-25,Portugal,307.0,307.21,0
2011-10-25,Italy,435.0,435.09,1
2011-10-25,Switzerland,1636.0,1635.66,1
2011-10-24,Italy,722.0,722.4,1
2011-10-24,Spain,401.0,401.3,1
2011-10-24,United Kingdom,46983.0,626.44,58
2011-10-24,EIRE,646.0,646.02,1
2011-10-23,United Kingdom,12339.0,293.79,39
2011-10-21,Germany,1347.0,673.53,2
2011-10-21,Belgium,301.0,300.76,1
2011-10-21,Netherlands,3326.0,1108.54,1
2011-10-21,United Kingdom,55414.0,1026.18,48
2011-10-21,USA,732.0,731.69,1
2011-10-21,EIRE,1680.0,840.02,2
2011-10-21,Denmark,428.0,427.7,1
2011-10-20,Germany,1118.0,372.68,3
2011-10-20,EIRE,3621.0,1810.67,1
2011-10-20,Netherlands,25834.0,8611.19,1
2011-10-20,Spain,291.0,290.81,1
2011-10-20,France,1057.0,1056.9,1
2011-10-20,United Kingdom,29202.0,369.65,69
2011-10-19,EIRE,1589.0,1588.75,1
2011-10-19,Singapore,6068.0,6068.06,1
2011-10-19,Spain,348.0,348.32,1
2011-10-19,France,2793.0,1396.48,2
2011-10-19,Portugal,150.0,149.75,1
2011-10-19,Germany,2619.0,523.72,4
2011-10-19,Cyprus,739.0,739.28,1
2011-10-19,United Kingdom,28268.0,387.23,60
2011-10-18,Spain,1019.0,1019.47,1
2011-10-18,EIRE,1512.0,756.09,2
2011-10-18,United Kingdom,38376.0,518.59,64
2011-10-18,Germany,1315.0,438.42,3
2011-10-18,Netherlands,449.0,448.92,1
2011-10-18,Italy,1193.0,1193.32,1
2011-10-18,Hong Kong,423.0,423.42,0
2011-10-18,Austria,1044.0,1043.78,1
2011-10-17,United Kingdom,36279.0,496.97,66
2011-10-17,Belgium,359.0,358.99,1
2011-10-17,Sweden,5297.0,5296.96,1
2011-10-17,EIRE,5449.0,778.45,2
2011-10-17,Germany,3513.0,878.22,4
2011-10-17,Portugal,1165.0,388.48,2
2011-10-16,United Kingdom,22011.0,628.88,32
2011-10-14,Channel Islands,862.0,431.16,1
2011-10-14,Sweden,15.0,15.0,1
2011-10-14,Belgium,451.0,450.86,1
2011-10-14,Spain,3528.0,3528.34,1
2011-10-14,Portugal,642.0,642.01,1
2011-10-14,EIRE,407.0,406.84,1
2011-10-14,Germany,2542.0,847.26,2
2011-10-14,Singapore,999.0,999.26,1
2011-10-14,United Kingdom,26388.0,425.61,51
2011-10-14,France,514.0,513.6,1
2011-10-13,RSA,1002.0,1002.31,1
2011-10-13,Finland,641.0,640.5,1
2011-10-13,Italy,318.0,318.06,1
2011-10-13,Portugal,1319.0,1319.01,1
2011-10-13,United Kingdom,27337.0,402.02,58
2011-10-13,Cyprus,2877.0,2876.85,1
2011-10-13,Germany,2129.0,1064.55,2
2011-10-13,France,332.0,331.72,1
2011-10-13,Belgium,1492.0,1491.59,1
2011-10-12,United Kingdom,24839.0,359.98,57
2011-10-12,EIRE,2213.0,442.51,2
2011-10-12,France,1360.0,272.06,5
2011-10-12,Germany,1233.0,308.23,4
2011-10-12,Norway,884.0,441.76,2
2011-10-12,Switzerland,676.0,676.37,1
2011-10-12,Finland,955.0,477.46,2
2011-10-11,Switzerland,1528.0,1527.96,1
2011-10-11,Denmark,172.0,171.66,1
2011-10-11,Norway,6.0,6.0,1
2011-10-11,Belgium,356.0,355.8,1
2011-10-11,EIRE,1576.0,525.26,1
2011-10-11,Portugal,892.0,892.47,1
2011-10-11,France,4280.0,4279.71,1
2011-10-11,United Kingdom,42801.0,602.82,60
2011-10-11,Germany,963.0,481.5,2
2011-10-10,United Kingdom,42417.0,461.05,77
2011-10-10,Germany,283.0,282.58,1
2011-10-10,France,427.0,213.29,1
2011-10-10,Belgium,333.0,332.68,1
2011-10-10,EIRE,3201.0,1067.09,2
2011-10-10,USA,1580.0,1579.51,1
2011-10-09,United Kingdom,12524.0,321.14,35
2011-10-07,Cyprus,600.0,600.39,1
2011-10-07,EIRE,904.0,904.14,1
2011-10-07,Netherlands,172.0,171.93,1
2011-10-07,Germany,2867.0,573.37,5
2011-10-07,France,675.0,337.68,2
2011-10-07,Spain,423.0,422.8,1
2011-10-07,United Kingdom,46980.0,626.4,61
2011-10-07,Czech Republic,277.0,277.48,1
2011-10-07,Denmark,891.0,891.4,1
2011-10-06,Australia,679.0,339.38,1
2011-10-06,EIRE,421.0,421.3,1
2011-10-06,Portugal,1731.0,865.38,1
2011-10-06,France,157.0,157.0,1
2011-10-06,Netherlands,842.0,280.52,1
2011-10-06,United Kingdom,55107.0,524.83,86
2011-10-06,Germany,3955.0,494.32,7
2011-10-05,France,2059.0,514.8,3
2011-10-05,United Kingdom,48491.0,598.66,72
2011-10-05,Netherlands,92.0,91.85,1
2011-10-05,Germany,4179.0,1044.73,3
2011-10-05,Channel Islands,1761.0,587.0,1
2011-10-05,Australia,16472.0,8235.89,1
2011-10-05,Switzerland,2540.0,2539.56,1
2011-10-04,Finland,310.0,310.0,1
2011-10-04,Israel,138.0,69.02,1
2011-10-04,France,357.0,178.65,2
2011-10-04,United Kingdom,47462.0,641.38,59
2011-10-04,Belgium,347.0,346.68,1
2011-10-04,Cyprus,196.0,196.35,1
2011-10-03,France,358.0,358.4,1
2011-10-03,United Kingdom,66018.0,985.35,47
2011-10-02,United Kingdom,11635.0,332.42,32
2011-09-30,France,1950.0,649.97,3
2011-09-30,Germany,282.0,281.94,1
2011-09-30,United Kingdom,35718.0,541.18,53
2011-09-30,Sweden,152.0,151.68,1
2011-09-30,EIRE,6256.0,2085.18,2
2011-09-29,Switzerland,505.0,505.48,1
2011-09-29,Denmark,383.0,383.12,1
2011-09-29,United Kingdom,43009.0,443.39,85
2011-09-29,Germany,1108.0,554.19,2
2011-09-29,France,1396.0,348.92,4
2011-09-28,Norway,266.0,266.25,1
2011-09-28,Australia,672.0,223.83,2
2011-09-28,Switzerland,1811.0,1810.51,1
2011-09-28,Belgium,830.0,829.99,1
2011-09-28,EIRE,2350.0,470.08,1
2011-09-28,Germany,367.0,367.37,1
2011-09-28,United Kingdom,36808.0,511.23,64
2011-09-28,France,645.0,644.75,1
2011-09-27,United Kingdom,34650.0,455.92,63
2011-09-27,France,189.0,189.2,1
2011-09-27,EIRE,776.0,776.3,1
2011-09-27,Spain,290.0,290.5,1
2011-09-27,Germany,417.0,417.2,1
2011-09-26,Germany,704.0,704.04,1
2011-09-26,EIRE,1156.0,578.07,1
2011-09-26,United Kingdom,26877.0,440.61,58
2011-09-26,Channel Islands,262.0,261.65,1
2011-09-26,Denmark,336.0,336.14,1
2011-09-25,Australia,826.0,825.92,1
2011-09-25,Finland,310.0,310.0,1
2011-09-25,France,776.0,388.0,2
2011-09-25,Spain,372.0,372.24,1
2011-09-25,Portugal,339.0,339.02,1
2011-09-25,United Kingdom,28749.0,416.66,68
2011-09-23,EIRE,3503.0,1751.45,1
2011-09-23,France,791.0,790.54,1
2011-09-23,Germany,2570.0,642.38,4
2011-09-23,United Kingdom,32701.0,594.57,48
2011-09-23,Spain,1038.0,518.84,2
2011-09-22,Finland,246.0,245.55,1
2011-09-22,United Arab Emirates,38.0,37.5,1
2011-09-22,Switzerland,4861.0,4860.64,1
2011-09-22,Portugal,777.0,777.2,1
2011-09-22,EIRE,1254.0,418.14,1
2011-09-22,Belgium,706.0,352.91,2
2011-09-22,Netherlands,905.0,904.62,1
2011-09-22,Germany,708.0,236.08,3
2011-09-22,United Kingdom,48181.0,507.17,79
2011-09-22,France,1680.0,419.92,4
2011-09-21,Spain,965.0,964.83,1
2011-09-21,United Kingdom,40676.0,635.56,54
2011-09-21,Belgium,550.0,549.84,1
2011-09-21,Germany,1049.0,524.52,2
2011-09-21,France,1084.0,270.94,4
2011-09-21,EIRE,381.0,381.22,1
2011-09-21,Denmark,3851.0,3850.9,1
2011-09-21,Switzerland,5.0,4.95,1
2011-09-20,France,378.0,377.66,1
2011-09-20,EIRE,1798.0,899.19,1
2011-09-20,Germany,138.0,138.48,1
2011-09-20,United Kingdom,106651.0,1666.43,48
2011-09-20,Italy,280.0,279.8,1
2011-09-20,Norway,366.0,366.25,1
2011-09-19,Hong Kong,2654.0,2653.95,0
2011-09-19,Norway,4367.0,4366.78,1
2011-09-19,Channel Islands,1062.0,1062.1,1
2011-09-19,Germany,2172.0,543.12,3
2011-09-19,Cyprus,196.0,196.35,1
2011-09-19,United Kingdom,19152.0,354.67,49
2011-09-19,Spain,972.0,971.65,1
2011-09-19,Netherlands,15618.0,7809.14,1
2011-09-19,Belgium,392.0,392.4,1
2011-09-19,France,2035.0,508.76,4
2011-09-19,EIRE,648.0,648.48,1
2011-09-18,United Kingdom,15746.0,583.18,25
2011-09-16,United Kingdom,25947.0,564.07,40
2011-09-16,Germany,1257.0,419.0,3
2011-09-16,Australia,520.0,519.89,1
2011-09-15,United Kingdom,74117.0,975.22,64
2011-09-15,EIRE,694.0,346.77,1
2011-09-15,France,2686.0,895.39,3
2011-09-15,Switzerland,160.0,160.0,1
2011-09-15,Norway,563.0,562.54,1
2011-09-14,Switzerland,743.0,743.28,1
2011-09-14,United Kingdom,21248.0,337.26,53
2011-09-14,EIRE,781.0,781.11,1
2011-09-14,France,357.0,357.32,1
2011-09-14,Japan,112.0,112.08,1
2011-09-14,Germany,352.0,351.65,1
2011-09-13,Finland,320.0,319.6,1
2011-09-13,United Kingdom,42108.0,679.16,56
2011-09-13,Germany,200.0,199.8,1
2011-09-13,Netherlands,8281.0,8281.12,1
2011-09-13,France,94.0,94.32,1
2011-09-13,Sweden,4114.0,4114.08,1
2011-09-12,United Kingdom,29738.0,437.33,62
2011-09-11,France,112.0,112.38,1
2011-09-11,Germany,1654.0,551.3,3
2011-09-11,United Kingdom,33745.0,475.29,64
2011-09-09,Norway,2608.0,2608.11,1
2011-09-09,Israel,424.0,423.73,0
2011-09-09,Belgium,1088.0,1087.7,1
2011-09-09,Netherlands,187.0,186.56,1
2011-09-09,United Kingdom,23695.0,430.81,46
2011-09-09,France,2075.0,691.6,3
2011-09-08,United Kingdom,19983.0,302.78,56
2011-09-08,France,1461.0,730.75,2
2011-09-08,Spain,460.0,459.99,1
2011-09-08,EIRE,2091.0,1045.53,0
2011-09-08,Germany,1253.0,417.79,3
2011-09-08,Netherlands,1947.0,973.34,1
2011-09-07,United Kingdom,28108.0,624.63,37
2011-09-07,EIRE,3415.0,853.82,2
2011-09-07,France,2890.0,963.25,3
2011-09-06,Switzerland,200.0,200.0,1
2011-09-06,EIRE,4234.0,2117.1,1
2011-09-06,Germany,1002.0,250.61,3
2011-09-06,United Kingdom,22913.0,401.99,49
2011-09-05,France,995.0,497.5,2
2011-09-05,EIRE,8489.0,2829.62,1
2011-09-05,Spain,1092.0,1092.35,1
2011-09-05,United Kingdom,25904.0,439.05,50
2011-09-05,Poland,529.0,264.63,2
2011-09-05,Australia,148.0,147.7,1
2011-09-04,EIRE,629.0,629.04,1
2011-09-04,France,892.0,891.82,1
2011-09-04,United Kingdom,13208.0,307.16,38
2011-09-04,Germany,2391.0,478.14,5
2011-09-02,Finland,230.0,230.3,1
2011-09-02,Portugal,317.0,317.0,1
2011-09-02,EIRE,749.0,749.13,1
2011-09-02,Germany,466.0,465.68,1
2011-09-02,Sweden,309.0,309.45,1
2011-09-02,Belgium,642.0,642.28,1
2011-09-02,France,943.0,314.25,2
2011-09-02,Unspecified,287.0,286.85,0
2011-09-02,United Kingdom,38379.0,599.67,50
2011-09-01,United Kingdom,29063.0,415.19,65
2011-09-01,EIRE,3881.0,1940.28,1
2011-09-01,Norway,509.0,509.01,1
2011-09-01,United Arab Emirates,976.0,975.54,1
2011-09-01,Australia,2942.0,1470.86,1
2011-08-31,Spain,278.0,139.2,2
2011-08-31,United Kingdom,17316.0,455.68,31
2011-08-31,Belgium,199.0,198.98,1
2011-08-31,France,2150.0,537.58,3
2011-08-31,Germany,5437.0,2718.35,2
2011-08-30,United Kingdom,31337.0,803.5,21
2011-08-30,Germany,404.0,403.83,1
2011-08-30,Poland,126.0,125.92,1
2011-08-28,Spain,1246.0,1246.49,1
2011-08-28,United Kingdom,9559.0,265.52,35
2011-08-26,Finland,411.0,410.55,1
2011-08-26,France,1131.0,1130.95,1
2011-08-26,EIRE,1452.0,726.08,1
2011-08-26,Netherlands,7428.0,3714.02,1
2011-08-26,United Kingdom,14800.0,379.48,35
2011-08-26,Germany,405.0,202.56,2
2011-08-25,Canada,52.0,51.56,1
2011-08-25,Germany,620.0,310.08,2
2011-08-25,France,2169.0,542.3,4
2011-08-25,Sweden,354.0,353.86,1
2011-08-25,United Kingdom,19570.0,310.64,57
2011-08-25,Belgium,753.0,376.4,2
2011-08-25,Italy,310.0,309.5,1
2011-08-24,Germany,1709.0,244.2,5
2011-08-24,United Kingdom,46388.0,702.84,51
2011-08-24,France,429.0,214.46,2
2011-08-24,Spain,509.0,509.34,1
2011-08-23,France,947.0,473.68,2
2011-08-23,EIRE,817.0,408.51,1
2011-08-23,Germany,487.0,243.59,2
2011-08-23,United Kingdom,17798.0,342.27,48
2011-08-23,Netherlands,425.0,424.8,1
2011-08-23,Hong Kong,2814.0,1406.97,0
2011-08-23,Channel Islands,2705.0,901.74,2
2011-08-22,Malta,214.0,213.5,1
2011-08-22,Unspecified,531.0,265.52,2
2011-08-22,United Kingdom,26638.0,451.48,51
2011-08-22,Germany,2269.0,756.46,3
2011-08-21,Channel Islands,1432.0,1432.0,1
2011-08-21,Germany,325.0,324.83,1
2011-08-21,France,529.0,264.39,2
2011-08-21,EIRE,459.0,458.9,1
2011-08-21,United Kingdom,11819.0,358.15,30
2011-08-21,Spain,13.0,13.25,1
2011-08-19,Switzerland,669.0,668.58,1
2011-08-19,Austria,535.0,534.7,1
2011-08-19,Belgium,790.0,394.94,2
2011-08-19,France,612.0,612.29,1
2011-08-19,Germany,883.0,294.21,3
2011-08-19,United Kingdom,12872.0,273.87,45
2011-08-19,EIRE,989.0,989.49,1
2011-08-18,United Kingdom,26456.0,413.38,59
2011-08-18,EIRE,132.0,131.85,1
2011-08-18,France,765.0,382.4,2
2011-08-18,Australia,21880.0,21880.44,1
2011-08-18,Israel,4874.0,4873.81,1
2011-08-17,EIRE,2198.0,732.68,1
2011-08-17,France,580.0,580.08,1
2011-08-17,Spain,232.0,231.76,1
2011-08-17,United Kingdom,49742.0,1058.34,40
2011-08-17,Germany,748.0,374.03,2
2011-08-16,Sweden,186.0,185.9,1
2011-08-16,United Kingdom,18738.0,382.41,41
2011-08-16,Germany,115.0,115.3,1
2011-08-16,Spain,200.0,100.12,1
2011-08-15,Portugal,1221.0,1221.4,1
2011-08-15,United Kingdom,13110.0,304.89,41
2011-08-15,EIRE,467.0,467.42,1
2011-08-15,Germany,378.0,378.12,1
2011-08-15,France,1161.0,1161.07,1
2011-08-15,Malta,905.0,905.5,1
2011-08-14,France,47.0,46.65,1
2011-08-14,United Kingdom,5672.0,236.33,20
2011-08-12,Norway,1269.0,1268.74,1
2011-08-12,Australia,609.0,608.76,1
2011-08-12,France,413.0,412.88,1
2011-08-12,EIRE,2166.0,1082.82,1
2011-08-12,Netherlands,826.0,825.6,1
2011-08-12,United Kingdom,26740.0,607.73,34
2011-08-12,Belgium,210.0,209.62,1
2011-08-11,Finland,605.0,605.14,1
2011-08-11,EIRE,1672.0,836.2,1
2011-08-11,Netherlands,19151.0,19150.66,1
2011-08-11,United Kingdom,50536.0,789.63,54
2011-08-11,Belgium,469.0,469.25,1
2011-08-10,Switzerland,293.0,292.69,1
2011-08-10,Italy,722.0,721.95,1
2011-08-10,Norway,757.0,757.07,1
2011-08-10,Denmark,213.0,213.15,1
2011-08-10,France,248.0,248.35,1
2011-08-10,EIRE,1253.0,1253.05,1
2011-08-10,United Kingdom,25306.0,588.51,36
2011-08-09,Germany,103.0,102.98,1
2011-08-09,Netherlands,12499.0,6249.35,1
2011-08-09,United Kingdom,15078.0,386.61,36
2011-08-08,Austria,981.0,981.38,1
2011-08-08,United Kingdom,20901.0,597.16,33
2011-08-08,EIRE,830.0,829.96,1
2011-08-08,Germany,417.0,416.65,1
2011-08-08,Sweden,249.0,124.55,2
2011-08-07,Germany,107.0,107.4,1
2011-08-07,United Kingdom,7472.0,257.64,27
2011-08-05,Germany,1080.0,539.78,2
2011-08-05,United Kingdom,17109.0,349.17,41
2011-08-05,EIRE,1573.0,1572.73,1
2011-08-05,France,830.0,415.15,2
2011-08-05,Italy,947.0,946.75,1
2011-08-04,Sweden,612.0,612.0,1
2011-08-04,Belgium,356.0,355.56,1
2011-08-04,Germany,1288.0,643.99,2
2011-08-04,France,511.0,511.03,1
2011-08-04,Spain,867.0,433.72,2
2011-08-04,United Kingdom,57150.0,793.74,66
2011-08-04,EIRE,4345.0,4345.1,1
2011-08-04,Finland,361.0,360.81,1
2011-08-04,Italy,13.0,12.75,1
2011-08-03,Germany,221.0,221.04,1
2011-08-03,United Kingdom,26414.0,433.02,56
2011-08-03,France,1202.0,1202.22,1
2011-08-03,Poland,276.0,275.88,1
2011-08-02,United Kingdom,19988.0,540.22,32
2011-08-02,Belgium,778.0,777.95,1
2011-08-02,Germany,1135.0,378.42,3
2011-08-02,France,86.0,85.8,1
2011-08-02,Switzerland,4009.0,4008.62,1
2011-08-02,Iceland,585.0,584.91,1
2011-08-01,Channel Islands,760.0,759.56,1
2011-08-01,United Kingdom,19540.0,514.22,33
2011-08-01,Germany,1089.0,1089.18,1
2011-07-31,EIRE,14520.0,7260.19,2
2011-07-31,Sweden,3977.0,1988.49,2
2011-07-31,United Kingdom,13668.0,369.41,32
2011-07-31,Switzerland,1325.0,1325.23,1
2011-07-29,United Kingdom,17384.0,280.38,55
2011-07-29,EIRE,729.0,728.94,1
2011-07-29,France,678.0,677.9,1
2011-07-28,Austria,707.0,707.09,1
2011-07-28,EIRE,5406.0,1802.05,1
2011-07-28,Spain,812.0,811.9,1
2011-07-28,Germany,385.0,385.14,1
2011-07-28,United Kingdom,48221.0,679.16,62
2011-07-28,Belgium,192.0,192.34,1
2011-07-28,Unspecified,546.0,273.21,1
2011-07-27,United Kingdom,19298.0,459.47,34
2011-07-27,Germany,441.0,440.7,1
2011-07-27,Belgium,1215.0,1214.81,1
2011-07-27,EIRE,765.0,382.26,1
2011-07-27,France,205.0,204.75,1
2011-07-27,Japan,3680.0,3680.4,1
2011-07-26,United Kingdom,20388.0,416.08,40
2011-07-26,EIRE,397.0,396.77,1
2011-07-26,Switzerland,594.0,593.74,1
2011-07-26,Australia,119.0,118.8,1
2011-07-26,Italy,147.0,147.1,1
2011-07-25,Spain,1358.0,1358.39,1
2011-07-25,Germany,1131.0,565.59,2
2011-07-25,United Kingdom,23165.0,428.99,44
2011-07-25,Switzerland,856.0,856.0,1
2011-07-25,Denmark,376.0,376.24,1
2011-07-24,Germany,612.0,612.1,1
2011-07-24,United Kingdom,25395.0,470.28,49
2011-07-24,Japan,174.0,174.0,1
2011-07-24,France,413.0,412.93,1
2011-07-24,Australia,505.0,505.46,1
2011-07-22,United Kingdom,18467.0,450.41,32
2011-07-22,Germany,768.0,768.02,1
2011-07-22,Norway,890.0,890.07,1
2011-07-21,United Kingdom,28898.0,412.83,55
2011-07-21,Germany,1906.0,952.81,2
2011-07-21,EIRE,1338.0,446.1,1
2011-07-21,European Community,677.0,676.8,1
2011-07-20,Spain,302.0,301.52,1
2011-07-20,Portugal,836.0,835.65,1
2011-07-20,United Kingdom,31197.0,588.62,42
2011-07-20,Germany,948.0,473.99,2
2011-07-20,Netherlands,26.0,26.02,1
2011-07-19,France,100.0,99.6,1
2011-07-19,Germany,2448.0,489.58,4
2011-07-19,United Kingdom,32755.0,606.58,47
2011-07-19,EIRE,13585.0,3396.16,2
2011-07-19,Finland,654.0,653.9,1
2011-07-19,Australia,642.0,320.84,2
2011-07-18,Singapore,3949.0,3949.32,1
2011-07-18,United Kingdom,31939.0,532.31,41
2011-07-18,EIRE,1078.0,538.76,1
2011-07-18,France,1866.0,933.04,2
2011-07-17,France,150.0,150.1,1
2011-07-17,Germany,345.0,345.23,1
2011-07-17,United Kingdom,16463.0,342.98,43
2011-07-17,Switzerland,236.0,235.96,0
2011-07-15,Poland,448.0,448.1,1
2011-07-15,United Kingdom,12500.0,328.95,30
2011-07-15,Germany,1337.0,668.56,2
2011-07-15,Canada,551.0,550.94,1
2011-07-14,Israel,1431.0,1430.75,1
2011-07-14,Finland,1710.0,1710.39,1
2011-07-14,Australia,902.0,902.09,1
2011-07-14,Germany,1563.0,781.64,2
2011-07-14,EIRE,1802.0,901.04,2
2011-07-14,United Kingdom,25942.0,411.77,53
2011-07-14,Unspecified,252.0,252.05,1
2011-07-13,Australia,2796.0,1398.18,1
2011-07-13,Poland,239.0,239.2,1
2011-07-13,Germany,282.0,281.71,1
2011-07-13,Belgium,46.0,45.6,1
2011-07-13,Portugal,1452.0,726.1,2
2011-07-13,United Kingdom,16911.0,331.6,43
2011-07-13,France,915.0,915.46,1
2011-07-12,Austria,485.0,484.86,1
2011-07-12,Germany,559.0,186.32,2
2011-07-12,France,1224.0,305.96,3
2011-07-12,United Kingdom,23995.0,533.22,35
2011-07-11,Canada,1218.0,1217.64,1
2011-07-11,Spain,313.0,312.9,1
2011-07-11,United Kingdom,20042.0,426.43,38
2011-07-11,France,611.0,305.54,2
2011-07-11,Greece,421.0,421.24,1
2011-07-10,United Kingdom,5994.0,249.74,20
2011-07-08,Unspecified,627.0,626.93,0
2011-07-08,France,1193.0,397.75,3
2011-07-08,Germany,1002.0,500.84,2
2011-07-08,United Kingdom,23633.0,407.47,36
2011-07-08,Switzerland,627.0,626.88,1
2011-07-07,Germany,1225.0,408.29,2
2011-07-07,Belgium,304.0,303.76,1
2011-07-07,Spain,463.0,231.69,2
2011-07-07,United Kingdom,30454.0,435.05,62
2011-07-06,Belgium,719.0,719.06,1
2011-07-06,Spain,231.0,115.25,2
2011-07-06,Sweden,2825.0,2825.1,1
2011-07-06,United Kingdom,21556.0,331.63,56
2011-07-06,France,1057.0,1056.62,1
2011-07-05,Finland,632.0,632.44,1
2011-07-05,EIRE,206.0,205.6,1
2011-07-05,United Kingdom,39258.0,560.83,55
2011-07-05,France,662.0,662.35,1
2011-07-04,Germany,1418.0,472.7,3
2011-07-04,United Kingdom,37443.0,850.98,27
2011-07-04,France,474.0,474.36,1
2011-07-04,EIRE,1171.0,390.27,0
2011-07-04,Spain,4146.0,4146.34,1
2011-07-03,United Kingdom,6032.0,241.3,24
2011-07-01,EIRE,1794.0,598.06,3
2011-07-01,Switzerland,361.0,360.8,1
2011-07-01,France,452.0,225.93,2
2011-07-01,Germany,71.0,71.4,1
2011-07-01,United Kingdom,10997.0,261.83,28
2011-06-30,Germany,1199.0,399.71,3
2011-06-30,United Kingdom,40917.0,649.48,49
2011-06-30,Belgium,164.0,163.9,1
2011-06-30,EIRE,756.0,756.36,1
2011-06-30,Australia,1761.0,880.48,1
2011-06-29,United Kingdom,18349.0,470.5,34
2011-06-29,EIRE,3739.0,1246.33,2
2011-06-28,Netherlands,14028.0,4676.15,1
2011-06-28,France,134.0,134.28,1
2011-06-28,United Kingdom,21445.0,420.48,39
2011-06-27,United Kingdom,15998.0,380.91,29
2011-06-27,France,201.0,201.24,1
2011-06-27,EIRE,816.0,408.16,1
2011-06-26,Germany,44.0,44.25,1
2011-06-26,Spain,95.0,95.2,1
2011-06-26,United Kingdom,6276.0,272.87,21
2011-06-26,Switzerland,667.0,667.03,1
2011-06-24,Germany,186.0,185.64,1
2011-06-24,EIRE,2085.0,521.18,1
2011-06-24,France,635.0,634.74,1
2011-06-24,United Kingdom,16200.0,368.17,36
2011-06-24,Switzerland,417.0,417.36,1
2011-06-23,United Kingdom,22918.0,352.59,58
2011-06-23,Belgium,441.0,440.94,1
2011-06-23,Denmark,515.0,514.5,1
2011-06-23,Finland,330.0,329.56,1
2011-06-23,Sweden,391.0,390.5,1
2011-06-23,Germany,277.0,276.93,1
2011-06-23,EIRE,372.0,186.15,1
2011-06-22,Belgium,460.0,459.84,1
2011-06-22,Hong Kong,634.0,633.96,0
2011-06-22,Norway,700.0,700.0,1
2011-06-22,Malta,30.0,30.0,1
2011-06-22,EIRE,1019.0,509.6,2
2011-06-22,France,852.0,426.22,2
2011-06-22,United Kingdom,16524.0,323.99,47
2011-06-22,Japan,1607.0,1607.04,1
2011-06-21,Norway,1870.0,1870.2,1
2011-06-21,EIRE,147.0,147.4,1
2011-06-21,Netherlands,638.0,637.72,1
2011-06-21,Germany,428.0,427.76,1
2011-06-21,France,257.0,257.3,1
2011-06-21,United Kingdom,21444.0,428.88,40
2011-06-20,Denmark,1125.0,1125.4,1
2011-06-20,Norway,3317.0,1658.33,1
2011-06-20,Unspecified,186.0,185.78,1
2011-06-20,Netherlands,155.0,154.67,1
2011-06-20,United Kingdom,25728.0,401.99,41
2011-06-20,Canada,1171.0,1171.46,1
2011-06-20,Germany,1966.0,1965.74,1
2011-06-20,France,735.0,367.28,2
2011-06-20,EIRE,3133.0,3133.12,0
2011-06-19,EIRE,303.0,303.3,1
2011-06-19,United Kingdom,15765.0,291.95,51
2011-06-19,Spain,565.0,188.32,3
2011-06-19,Netherlands,5683.0,5683.06,1
2011-06-19,France,125.0,125.46,1
2011-06-17,United Kingdom,16038.0,341.24,30
2011-06-17,Channel Islands,2060.0,2060.03,1
2011-06-17,EIRE,626.0,626.13,1
2011-06-17,Belgium,992.0,496.01,2
2011-06-17,France,1360.0,1359.58,1
2011-06-16,Poland,319.0,318.65,1
2011-06-16,Spain,1138.0,1137.99,1
2011-06-16,EIRE,1013.0,1012.86,1
2011-06-16,France,510.0,510.27,1
2011-06-16,United Kingdom,30922.0,401.58,69
2011-06-16,Germany,683.0,341.67,1
2011-06-15,Portugal,489.0,489.31,1
2011-06-15,France,1856.0,371.22,3
2011-06-15,EIRE,4484.0,2241.79,1
2011-06-15,United Kingdom,18842.0,384.53,36
2011-06-15,Australia,23427.0,11713.41,1
2011-06-14,United Kingdom,40474.0,710.07,42
2011-06-13,United Kingdom,16679.0,320.74,42
2011-06-13,Germany,2558.0,852.55,3
2011-06-13,EIRE,821.0,821.32,1
2011-06-13,France,2400.0,799.87,3
2011-06-12,United Kingdom,11574.0,312.8,36
2011-06-12,France,360.0,360.18,1
2011-06-12,Germany,583.0,583.2,1
2011-06-10,Switzerland,6207.0,6207.08,1
2011-06-10,United Kingdom,54920.0,1168.51,38
2011-06-10,Germany,627.0,627.4,1
2011-06-10,France,480.0,480.0,1
2011-06-09,Belgium,130.0,130.08,1
2011-06-09,Sweden,320.0,319.95,1
2011-06-09,Italy,43.0,42.96,1
2011-06-09,Denmark,1621.0,1621.25,1
2011-06-09,Iceland,383.0,382.52,1
2011-06-09,Netherlands,84.0,84.0,1
2011-06-09,United Kingdom,40406.0,561.19,64
2011-06-09,Spain,913.0,912.66,1
2011-06-09,Germany,475.0,237.57,2
2011-06-09,EIRE,984.0,492.14,1
2011-06-09,France,1031.0,515.29,2
2011-06-08,Switzerland,613.0,612.68,1
2011-06-08,Belgium,99.0,99.45,1
2011-06-08,United Kingdom,36618.0,411.43,63
2011-06-08,EIRE,3351.0,1675.66,1
2011-06-08,Portugal,152.0,151.95,1
2011-06-08,France,1598.0,399.52,3
2011-06-08,Malta,833.0,833.16,1
2011-06-07,Italy,159.0,159.11,1
2011-06-07,United Kingdom,36694.0,495.86,64
2011-06-07,Belgium,608.0,607.55,1
2011-06-07,EIRE,254.0,254.31,1
2011-06-07,Portugal,243.0,243.2,1
2011-06-06,France,371.0,371.45,1
2011-06-06,United Kingdom,15116.0,296.39,48
2011-06-06,Spain,358.0,357.99,1
2011-06-06,European Community,45.0,45.0,1
2011-06-06,Netherlands,428.0,427.58,1
2011-06-06,EIRE,958.0,958.12,1
2011-06-06,Germany,513.0,512.8,1
2011-06-05,France,3443.0,1147.5,3
2011-06-05,Germany,1003.0,501.32,2
2011-06-05,European Community,387.0,387.05,1
2011-06-05,Belgium,1296.0,648.06,2
2011-06-05,United Kingdom,19511.0,330.7,54
2011-06-03,Cyprus,1109.0,1109.32,1
2011-06-03,Spain,264.0,264.4,1
2011-06-03,Netherlands,420.0,419.8,1
2011-06-03,Germany,68.0,68.1,1
2011-06-03,Poland,25.0,25.0,1
2011-06-03,United Kingdom,15027.0,385.3,32
2011-06-02,Germany,1992.0,996.1,2
2011-06-02,United Kingdom,30712.0,626.78,30
2011-06-02,Sweden,122.0,121.55,1
2011-06-01,Germany,672.0,672.19,1
2011-06-01,Belgium,85.0,84.92,1
2011-06-01,United Kingdom,14416.0,379.36,32
2011-06-01,Netherlands,5423.0,2711.4,1
2011-05-31,Italy,587.0,587.45,1
2011-05-31,Spain,1306.0,1306.49,1
2011-05-31,Germany,75.0,74.96,1
2011-05-31,United Kingdom,18897.0,402.06,41
2011-05-31,France,459.0,458.84,1
2011-05-31,Netherlands,483.0,241.51,2
2011-05-31,Switzerland,906.0,906.4,1
2011-05-29,United Kingdom,6812.0,296.16,19
2011-05-29,Germany,583.0,582.73,1
2011-05-27,United Kingdom,26596.0,436.0,46
2011-05-27,France,403.0,403.09,1
2011-05-27,Germany,717.0,716.73,1
2011-05-27,Belgium,726.0,726.43,1
2011-05-26,Spain,48.0,48.4,1
2011-05-26,Netherlands,8981.0,8980.88,1
2011-05-26,United Kingdom,22316.0,429.15,42
2011-05-26,France,631.0,315.25,2
2011-05-26,EIRE,494.0,164.68,1
2011-05-26,Germany,1028.0,205.51,3
2011-05-25,Poland,1368.0,683.79,2
2011-05-25,United Kingdom,20368.0,345.22,46
2011-05-25,Netherlands,1392.0,1392.0,1
2011-05-25,France,1281.0,426.94,3
2011-05-24,Germany,293.0,293.25,1
2011-05-24,France,393.0,393.34,1
2011-05-24,United Kingdom,36973.0,560.2,51
2011-05-23,Austria,1084.0,1083.58,1
2011-05-23,Australia,472.0,472.09,1
2011-05-23,France,422.0,421.96,1
2011-05-23,Belgium,515.0,171.61,2
2011-05-23,EIRE,1008.0,1007.75,1
2011-05-23,United Kingdom,27122.0,502.26,44
2011-05-23,Portugal,3042.0,1013.89,1
2011-05-23,Germany,1022.0,255.41,4
2011-05-22,Germany,1704.0,851.91,2
2011-05-22,United Kingdom,21617.0,379.24,53
2011-05-22,France,911.0,455.36,2
2011-05-20,Netherlands,295.0,294.72,1
2011-05-20,EIRE,380.0,380.32,1
2011-05-20,United Kingdom,24158.0,360.57,54
2011-05-20,Australia,766.0,766.36,1
2011-05-20,France,1118.0,1118.4,1
2011-05-19,Channel Islands,914.0,914.24,1
2011-05-19,France,915.0,457.26,2
2011-05-19,Bahrain,89.0,89.0,1
2011-05-19,EIRE,1204.0,601.9,1
2011-05-19,Unspecified,203.0,203.19,0
2011-05-19,United Kingdom,30193.0,351.09,72
2011-05-19,Germany,2081.0,346.85,5
2011-05-18,United Kingdom,31352.0,467.93,56
2011-05-18,France,870.0,289.84,3
2011-05-18,Sweden,116.0,115.6,1
2011-05-18,EIRE,1414.0,1414.36,1
2011-05-18,Netherlands,732.0,732.4,1
2011-05-17,Australia,11925.0,11924.8,1
2011-05-17,Channel Islands,293.0,293.0,1
2011-05-17,Germany,760.0,760.28,1
2011-05-17,United Kingdom,39867.0,524.56,51
2011-05-17,Belgium,297.0,297.38,1
2011-05-17,France,794.0,793.62,1
2011-05-17,EIRE,1216.0,1216.12,0
2011-05-16,EIRE,4615.0,1153.84,3
2011-05-16,United Kingdom,34279.0,561.96,46
2011-05-16,France,757.0,252.21,3
2011-05-15,France,151.0,151.4,1
2011-05-15,United Kingdom,9169.0,316.18,27
2011-05-15,EIRE,604.0,603.78,1
2011-05-13,Japan,1351.0,1351.45,1
2011-05-13,France,1001.0,333.5,3
2011-05-13,Germany,881.0,440.6,1
2011-05-13,United Kingdom,25551.0,387.13,47
2011-05-13,Hong Kong,1966.0,1966.16,0
2011-05-12,Portugal,1161.0,580.28,1
2011-05-12,Netherlands,16478.0,5492.82,1
2011-05-12,Sweden,2558.0,2557.88,1
2011-05-12,France,297.0,296.53,1
2011-05-12,Germany,12165.0,2027.54,4
2011-05-12,Belgium,182.0,181.82,1
2011-05-12,United Kingdom,28587.0,402.64,58
2011-05-12,Australia,475.0,475.16,1
2011-05-11,France,3019.0,1509.37,2
2011-05-11,Denmark,516.0,515.7,1
2011-05-11,Netherlands,824.0,412.2,1
2011-05-11,United Kingdom,28945.0,396.51,50
2011-05-11,Germany,375.0,375.0,1
2011-05-11,Sweden,9.0,8.5,1
2011-05-10,Germany,797.0,398.53,2
2011-05-10,France,489.0,489.1,1
2011-05-10,EIRE,810.0,270.15,0
2011-05-10,Unspecified,853.0,852.68,1
2011-05-10,United Kingdom,44390.0,504.43,58
2011-05-10,Belgium,481.0,480.9,1
2011-05-09,Switzerland,315.0,315.3,1
2011-05-09,France,555.0,277.45,2
2011-05-09,United Kingdom,25903.0,392.47,54
2011-05-09,Germany,667.0,667.11,1
2011-05-09,Bahrain,459.0,459.4,1
2011-05-08,United Kingdom,16912.0,277.25,56
2011-05-08,France,1092.0,1092.43,1
2011-05-08,EIRE,863.0,862.53,1
2011-05-06,Spain,523.0,522.6,1
2011-05-06,Germany,246.0,246.08,1
2011-05-06,Belgium,381.0,381.08,1
2011-05-06,United Kingdom,30942.0,401.84,59
2011-05-06,EIRE,3869.0,3869.18,1
2011-05-06,Austria,166.0,165.85,1
2011-05-05,Switzerland,2388.0,2388.31,1
2011-05-05,Poland,155.0,154.8,1
2011-05-05,France,236.0,236.0,1
2011-05-05,Belgium,150.0,149.97,1
2011-05-05,Germany,440.0,220.19,2
2011-05-05,EIRE,367.0,366.86,1
2011-05-05,United Kingdom,25438.0,310.22,69
2011-05-04,United Kingdom,24807.0,420.46,50
2011-05-04,Spain,1380.0,1380.11,1
2011-05-04,Germany,823.0,205.68,3
2011-05-04,Canada,534.0,534.24,1
2011-05-03,France,1823.0,303.89,3
2011-05-03,EIRE,1164.0,582.1,1
2011-05-03,United Kingdom,32242.0,555.89,46
2011-05-01,United Kingdom,5879.0,345.84,17
2011-05-01,Germany,1094.0,1094.33,1
2011-04-28,Netherlands,692.0,692.36,1
2011-04-28,Spain,436.0,436.3,1
2011-04-28,United Kingdom,20382.0,377.44,44
2011-04-28,Belgium,495.0,495.24,1
2011-04-28,Germany,287.0,286.88,1
2011-04-28,France,209.0,209.1,1
2011-04-27,EIRE,363.0,362.9,1
2011-04-27,Sweden,323.0,323.0,1
2011-04-27,United Kingdom,24047.0,387.85,53
2011-04-27,Germany,1210.0,1209.8,1
2011-04-26,France,161.0,160.54,1
2011-04-26,European Community,191.0,191.4,1
2011-04-26,United Kingdom,30015.0,447.98,51
2011-04-26,Austria,681.0,340.39,2
2011-04-21,Switzerland,1010.0,1009.69,1
2011-04-21,Germany,383.0,191.3,2
2011-04-21,Spain,1079.0,1079.4,1
2011-04-21,United Kingdom,28795.0,411.36,57
2011-04-21,France,707.0,353.28,2
2011-04-21,Finland,642.0,642.0,1
2011-04-20,Switzerland,179.0,179.0,1
2011-04-20,United Kingdom,27533.0,458.88,55
2011-04-20,France,541.0,541.2,1
2011-04-20,Germany,418.0,417.6,1
2011-04-19,Italy,255.0,255.04,1
2011-04-19,USA,384.0,383.95,1
2011-04-19,EIRE,368.0,367.62,1
2011-04-19,Germany,2615.0,871.53,3
2011-04-19,United Kingdom,20717.0,390.9,46
2011-04-18,Belgium,270.0,269.66,1
2011-04-18,Japan,2949.0,2949.12,1
2011-04-18,United Kingdom,52585.0,796.74,53
2011-04-18,Germany,223.0,222.75,1
2011-04-17,France,630.0,315.11,2
2011-04-17,United Kingdom,11649.0,298.68,36
2011-04-17,EIRE,447.0,446.74,1
2011-04-15,Brazil,1144.0,1143.6,1
2011-04-15,Switzerland,219.0,219.0,1
2011-04-15,Finland,306.0,306.2,1
2011-04-15,United Kingdom,26037.0,510.53,35
2011-04-15,Belgium,142.0,142.16,1
2011-04-15,Sweden,486.0,486.1,1
2011-04-14,France,669.0,669.2,1
2011-04-14,Germany,3440.0,573.38,5
2011-04-14,Switzerland,669.0,669.25,1
2011-04-14,United Kingdom,31325.0,401.61,68
2011-04-13,Channel Islands,293.0,293.0,1
2011-04-13,United Kingdom,22985.0,396.3,52
2011-04-13,Portugal,1206.0,1206.29,1
2011-04-12,Belgium,351.0,350.57,1
2011-04-12,United Kingdom,23680.0,394.67,53
2011-04-12,Hong Kong,1540.0,1539.64,0
2011-04-11,Germany,630.0,315.16,2
2011-04-11,EIRE,999.0,499.27,1
2011-04-11,Unspecified,299.0,299.1,1
2011-04-11,United Kingdom,19782.0,347.05,48
2011-04-11,Finland,374.0,373.72,1
2011-04-11,Spain,270.0,269.95,1
2011-04-10,Belgium,476.0,476.49,1
2011-04-10,United Kingdom,9437.0,304.44,30
2011-04-08,Portugal,481.0,481.46,1
2011-04-08,United Kingdom,22111.0,335.01,58
2011-04-08,Germany,1672.0,836.01,2
2011-04-08,Australia,422.0,421.6,1
2011-04-08,Greece,610.0,609.74,1
2011-04-07,France,366.0,366.2,1
2011-04-07,EIRE,583.0,291.71,1
2011-04-07,United Kingdom,15773.0,276.72,51
2011-04-07,Belgium,255.0,255.36,1
2011-04-07,Germany,416.0,415.7,1
2011-04-07,Italy,483.0,482.79,1
2011-04-07,Iceland,636.0,636.25,1
2011-04-06,United Kingdom,16406.0,420.68,35
2011-04-06,EIRE,956.0,955.99,1
2011-04-05,Finland,367.0,367.0,1
2011-04-05,Poland,706.0,705.84,1
2011-04-05,United Kingdom,19933.0,442.96,39
2011-04-05,Netherlands,2284.0,1142.1,1
2011-04-05,Singapore,2119.0,2118.74,1
2011-04-05,France,1136.0,1136.3,1
2011-04-05,Japan,3599.0,3599.38,1
2011-04-04,United Kingdom,23321.0,457.28,43
2011-04-04,Singapore,6091.0,3045.42,1
2011-04-04,EIRE,2448.0,1224.06,2
2011-04-04,Germany,674.0,337.15,1
2011-04-04,France,720.0,359.78,2
2011-04-03,United Kingdom,6943.0,347.16,18
2011-04-01,France,391.0,195.38,2
2011-04-01,Germany,349.0,348.68,1
2011-04-01,EIRE,1407.0,1407.19,1
2011-04-01,United Kingdom,23061.0,334.22,54
2011-04-01,Israel,110.0,110.0,0
2011-04-01,Australia,350.0,350.0,1
2011-03-31,France,5594.0,1864.53,2
2011-03-31,EIRE,168.0,168.4,1
2011-03-31,United Kingdom,27841.0,471.89,51
2011-03-31,Portugal,416.0,415.52,1
2011-03-31,Germany,317.0,158.49,2
2011-03-30,Switzerland,940.0,940.17,1
2011-03-30,Finland,558.0,558.4,1
2011-03-30,United Kingdom,28161.0,396.63,59
2011-03-30,Netherlands,1807.0,1807.04,1
2011-03-30,Germany,419.0,418.7,1
2011-03-29,EIRE,523.0,523.15,0
2011-03-29,Netherlands,18247.0,9123.75,1
2011-03-29,United Kingdom,51941.0,880.36,45
2011-03-28,Italy,326.0,162.75,1
2011-03-28,Germany,1090.0,363.18,2
2011-03-28,Portugal,401.0,400.54,1
2011-03-28,EIRE,539.0,539.0,1
2011-03-28,France,1136.0,1136.3,1
2011-03-28,Spain,818.0,817.5,1
2011-03-28,United Kingdom,18868.0,362.85,45
2011-03-27,United Kingdom,9077.0,292.82,30
2011-03-27,France,164.0,164.05,1
2011-03-25,France,358.0,357.91,1
2011-03-25,United Kingdom,24952.0,530.9,36
2011-03-25,Netherlands,1564.0,781.76,2
2011-03-25,Spain,628.0,628.15,1
2011-03-25,EIRE,750.0,750.37,1
2011-03-25,Germany,2651.0,883.78,3
2011-03-25,Switzerland,491.0,490.78,1
2011-03-24,Australia,286.0,286.25,1
2011-03-24,Belgium,838.0,418.8,1
2011-03-24,Portugal,27.0,27.0,1
2011-03-24,EIRE,415.0,415.45,1
2011-03-24,Sweden,198.0,197.9,1
2011-03-24,United Kingdom,33792.0,553.97,57
2011-03-24,Spain,1141.0,1140.76,1
2011-03-23,Austria,1542.0,1542.08,1
2011-03-23,Belgium,615.0,307.27,2
2011-03-23,Portugal,248.0,247.6,1
2011-03-23,France,1891.0,472.82,3
2011-03-23,United Kingdom,19796.0,359.93,48
2011-03-22,Norway,160.0,160.33,1
2011-03-22,Netherlands,236.0,235.71,1
2011-03-22,Germany,1320.0,439.99,2
2011-03-22,France,524.0,523.98,1
2011-03-22,Spain,1086.0,1085.99,1
2011-03-22,United Kingdom,28190.0,612.82,34
2011-03-21,Belgium,347.0,347.35,1
2011-03-21,United Kingdom,16162.0,323.25,45
2011-03-21,France,206.0,102.94,1
2011-03-20,Belgium,226.0,226.3,1
2011-03-20,United Kingdom,20640.0,382.23,50
2011-03-20,Germany,364.0,181.97,2
2011-03-20,France,316.0,316.02,1
2011-03-20,EIRE,198.0,197.8,1
2011-03-20,Finland,409.0,409.2,1
2011-03-18,EIRE,744.0,743.71,1
2011-03-18,United Kingdom,25037.0,431.68,43
2011-03-18,Germany,2391.0,478.19,4
2011-03-17,Italy,1018.0,1017.68,1
2011-03-17,Norway,120.0,120.33,1
2011-03-17,Denmark,3979.0,3978.99,1
2011-03-17,EIRE,382.0,381.78,1
2011-03-17,Germany,1363.0,681.6,2
2011-03-17,United Kingdom,33043.0,590.05,45
2011-03-16,United Kingdom,20166.0,429.06,41
2011-03-16,Spain,1219.0,609.48,2
2011-03-16,France,263.0,131.4,2
2011-03-16,Germany,301.0,300.7,1
2011-03-15,EIRE,3390.0,1129.87,3
2011-03-15,France,566.0,565.54,1
2011-03-15,United Kingdom,16637.0,361.67,35
2011-03-15,Hong Kong,2584.0,2583.76,0
2011-03-15,Poland,318.0,317.78,1
2011-03-14,Canada,141.0,140.54,1
2011-03-14,United Kingdom,18699.0,445.22,35
2011-03-14,France,479.0,479.4,1
2011-03-14,Netherlands,118.0,117.93,1
2011-03-14,EIRE,1825.0,608.42,1
2011-03-14,Belgium,357.0,357.07,1
2011-03-14,Sweden,4400.0,4400.28,1
2011-03-13,United Kingdom,3805.0,253.66,15
2011-03-13,France,343.0,343.29,1
2011-03-11,France,713.0,712.85,1
2011-03-11,United Kingdom,20401.0,416.34,39
2011-03-11,Germany,987.0,987.42,1
2011-03-11,EIRE,3374.0,1687.17,1
2011-03-10,Channel Islands,1104.0,1104.13,1
2011-03-10,United Kingdom,17793.0,355.87,42
2011-03-10,Cyprus,938.0,938.39,1
2011-03-10,Sweden,122.0,122.4,1
2011-03-10,EIRE,6162.0,1540.51,1
2011-03-09,United Kingdom,19368.0,395.26,43
2011-03-09,Switzerland,439.0,439.28,1
2011-03-09,Channel Islands,1576.0,1576.36,1
2011-03-09,Australia,211.0,210.9,1
2011-03-09,Netherlands,445.0,444.8,1
2011-03-08,Portugal,1570.0,1570.19,1
2011-03-08,United Kingdom,22627.0,514.25,37
2011-03-08,Germany,885.0,294.88,3
2011-03-07,Germany,818.0,272.52,3
2011-03-07,United Kingdom,31523.0,492.55,45
2011-03-07,Japan,16.0,16.05,1
2011-03-06,United Kingdom,10005.0,370.57,24
2011-03-04,France,317.0,317.25,1
2011-03-04,Spain,472.0,235.9,2
2011-03-04,Japan,18.0,17.55,1
2011-03-04,EIRE,1185.0,592.74,1
2011-03-04,United Kingdom,16664.0,406.43,31
2011-03-04,Greece,387.0,387.31,1
2011-03-04,Italy,464.0,463.63,1
2011-03-03,Austria,166.0,166.04,1
2011-03-03,Germany,725.0,362.64,2
2011-03-03,France,573.0,286.58,1
2011-03-03,United Kingdom,17803.0,423.87,40
2011-03-03,Belgium,410.0,410.0,1
2011-03-03,Australia,16727.0,16726.84,1
2011-03-02,Channel Islands,829.0,828.84,1
2011-03-02,Japan,15.0,15.3,1
2011-03-02,United Kingdom,17847.0,435.28,38
2011-03-01,Norway,985.0,492.33,1
2011-03-01,France,1146.0,573.13,2
2011-03-01,United Kingdom,15392.0,296.0,45
2011-03-01,EIRE,2541.0,2541.15,1
2011-03-01,Germany,763.0,762.5,1
2011-03-01,Belgium,559.0,559.12,1
2011-03-01,Finland,4969.0,1656.41,1
2011-02-28,Portugal,240.0,240.25,1
2011-02-28,Czech Republic,549.0,549.26,1
2011-02-28,United Kingdom,18923.0,386.18,41
2011-02-28,Belgium,150.0,149.95,1
2011-02-28,Switzerland,442.0,441.92,1
2011-02-28,France,1452.0,362.88,4
2011-02-27,France,111.0,110.6,1
2011-02-27,Australia,413.0,412.55,1
2011-02-27,United Kingdom,9003.0,290.43,29
2011-02-25,United Kingdom,18926.0,420.58,38
2011-02-25,Belgium,190.0,189.9,1
2011-02-25,Germany,1300.0,650.2,2
2011-02-25,Switzerland,179.0,179.35,1
2011-02-24,Saudi Arabia,146.0,145.92,1
2011-02-24,United Kingdom,21118.0,406.12,49
2011-02-24,Switzerland,1340.0,1340.32,1
2011-02-24,Finland,205.0,205.16,1
2011-02-23,France,440.0,219.88,1
2011-02-23,United Kingdom,24583.0,416.67,46
2011-02-23,Germany,388.0,388.3,1
2011-02-23,EIRE,1480.0,1480.2,1
2011-02-22,Netherlands,3212.0,3211.7,1
2011-02-22,United Kingdom,29287.0,574.25,46
2011-02-21,EIRE,1011.0,505.54,0
2011-02-21,Germany,1418.0,709.15,2
2011-02-21,Belgium,192.0,192.31,1
2011-02-21,Netherlands,18279.0,9139.74,1
2011-02-21,Cyprus,641.0,320.69,1
2011-02-21,France,747.0,373.41,2
2011-02-21,Portugal,974.0,973.65,1
2011-02-21,United Kingdom,13126.0,504.84,23
2011-02-20,United Kingdom,9625.0,370.18,26
2011-02-18,Germany,152.0,152.4,1
2011-02-18,Italy,256.0,256.0,1
2011-02-18,France,975.0,487.3,2
2011-02-18,EIRE,163.0,162.7,1
2011-02-18,United Kingdom,14663.0,431.27,29
2011-02-17,France,250.0,250.0,1
2011-02-17,Cyprus,15.0,15.0,1
2011-02-17,EIRE,281.0,281.12,1
2011-02-17,Belgium,1119.0,559.6,2
2011-02-17,Germany,541.0,270.29,2
2011-02-17,United Kingdom,24167.0,396.18,43
2011-02-16,Cyprus,1684.0,1683.9,1
2011-02-16,Denmark,399.0,399.22,1
2011-02-16,Norway,296.0,296.5,1
2011-02-16,Israel,779.0,779.1,1
2011-02-16,France,920.0,919.66,1
2011-02-16,United Kingdom,20871.0,359.84,51
2011-02-15,Australia,14023.0,14022.92,1
2011-02-15,Channel Islands,1785.0,1784.71,1
2011-02-15,EIRE,4362.0,2181.25,1
2011-02-15,United Kingdom,19450.0,366.98,43
2011-02-15,France,256.0,255.6,1
2011-02-14,EIRE,3121.0,1560.36,1
2011-02-14,Germany,802.0,401.25,2
2011-02-14,United Kingdom,21445.0,595.69,31
2011-02-14,Spain,446.0,446.16,1
2011-02-14,United Arab Emirates,889.0,889.24,1
2011-02-13,United Kingdom,5714.0,285.68,20
2011-02-11,Belgium,232.0,231.51,1
2011-02-11,Germany,2356.0,2355.95,1
2011-02-11,United Kingdom,20286.0,471.76,32
2011-02-10,France,322.0,321.56,1
2011-02-10,United Kingdom,14223.0,374.29,36
2011-02-10,Germany,352.0,175.98,2
2011-02-09,France,455.0,455.02,1
2011-02-09,Germany,169.0,168.9,1
2011-02-09,United Kingdom,9487.0,395.29,17
2011-02-09,Japan,5735.0,5735.24,1
2011-02-09,Spain,762.0,762.11,1
2011-02-09,Belgium,84.0,84.3,1
2011-02-08,Poland,267.0,266.85,1
2011-02-08,France,202.0,201.86,1
2011-02-08,Netherlands,1306.0,1306.28,1
2011-02-08,United Kingdom,19175.0,456.55,34
2011-02-07,United Kingdom,23701.0,640.57,31
2011-02-07,Cyprus,1994.0,996.98,2
2011-02-07,Australia,260.0,86.65,2
2011-02-06,United Kingdom,3457.0,314.28,11
2011-02-04,Poland,337.0,337.2,1
2011-02-04,Japan,46.0,45.57,1
2011-02-04,France,1237.0,1236.73,1
2011-02-04,United Kingdom,22620.0,491.73,36
2011-02-04,Switzerland,693.0,346.67,1
2011-02-04,EIRE,230.0,229.6,1
2011-02-03,Belgium,214.0,213.9,1
2011-02-03,Spain,617.0,617.25,1
2011-02-03,United Kingdom,20149.0,503.71,38
2011-02-03,Germany,1712.0,570.68,3
2011-02-03,EIRE,788.0,788.06,1
2011-02-02,Norway,334.0,334.4,1
2011-02-02,United Kingdom,19996.0,350.81,50
2011-02-02,EIRE,15.0,15.0,0
2011-02-02,Germany,76.0,75.6,1
2011-02-02,France,641.0,320.7,2
2011-02-02,Austria,154.0,153.76,1
2011-02-01,France,511.0,510.85,1
2011-02-01,Sweden,510.0,509.5,1
2011-02-01,Spain,289.0,288.98,1
2011-02-01,United Kingdom,26035.0,464.91,50
2011-02-01,Germany,314.0,314.15,1
2011-02-01,EIRE,798.0,797.77,1
2011-02-01,Netherlands,214.0,214.45,1
2011-02-01,Austria,365.0,364.6,1
2011-01-31,France,3592.0,1795.98,2
2011-01-31,United Kingdom,17582.0,319.67,43
2011-01-31,Netherlands,134.0,134.48,1
2011-01-31,Germany,2332.0,583.05,4
2011-01-30,United Kingdom,6616.0,275.66,22
2011-01-28,France,1080.0,359.94,3
2011-01-28,Sweden,2939.0,2938.76,1
2011-01-28,United Kingdom,15061.0,442.96,30
2011-01-28,Australia,385.0,384.68,1
2011-01-28,Switzerland,627.0,626.6,1
2011-01-27,United Kingdom,18313.0,406.97,43
2011-01-27,EIRE,564.0,564.05,1
2011-01-27,Spain,1716.0,1715.85,1
2011-01-27,Lebanon,1694.0,1693.88,1
2011-01-27,Germany,768.0,256.0,3
2011-01-27,Channel Islands,676.0,675.58,1
2011-01-26,Iceland,475.0,475.39,1
2011-01-26,Italy,453.0,452.85,1
2011-01-26,EIRE,803.0,802.56,1
2011-01-26,Portugal,684.0,683.93,1
2011-01-26,United Kingdom,16332.0,326.64,43
2011-01-26,Germany,1176.0,587.88,2
2011-01-25,Finland,227.0,227.44,1
2011-01-25,United Kingdom,24021.0,400.34,50
2011-01-25,France,36.0,36.0,1
2011-01-25,Singapore,2053.0,2053.07,1
2011-01-25,Germany,2417.0,805.61,3
2011-01-25,Belgium,323.0,323.44,1
2011-01-24,United Kingdom,17638.0,391.95,36
2011-01-24,Hong Kong,2440.0,2439.76,0
2011-01-24,Germany,2365.0,788.26,3
2011-01-24,Spain,157.0,157.45,1
2011-01-24,France,190.0,190.2,1
2011-01-24,EIRE,282.0,282.44,1
2011-01-24,Greece,2661.0,2661.24,1
2011-01-23,France,515.0,514.5,1
2011-01-23,United Kingdom,9886.0,380.22,26
2011-01-21,Italy,341.0,341.0,1
2011-01-21,Netherlands,8060.0,8060.3,1
2011-01-21,United Kingdom,23577.0,654.93,29
2011-01-21,Finland,662.0,661.58,1
2011-01-20,France,1517.0,1516.68,1
2011-01-20,United Kingdom,16355.0,481.02,25
2011-01-20,EIRE,2757.0,2756.84,1
2011-01-20,Belgium,226.0,225.6,1
2011-01-20,Netherlands,305.0,305.28,1
2011-01-20,Australia,88.0,87.75,1
2011-01-19,Australia,239.0,238.5,1
2011-01-19,Switzerland,3605.0,1802.32,2
2011-01-19,Germany,63.0,63.0,1
2011-01-19,Spain,113.0,112.92,1
2011-01-19,United Kingdom,13441.0,480.03,26
2011-01-19,France,753.0,752.75,1
2011-01-19,Netherlands,7722.0,7722.04,1
2011-01-18,Spain,681.0,681.05,1
2011-01-18,Germany,133.0,132.52,1
2011-01-18,EIRE,466.0,465.58,1
2011-01-18,Portugal,2272.0,2271.62,1
2011-01-18,United Kingdom,92427.0,2498.03,27
2011-01-17,United Kingdom,26239.0,570.42,40
2011-01-17,France,732.0,732.14,1
2011-01-17,Poland,613.0,613.22,1
2011-01-17,Australia,431.0,431.3,1
2011-01-17,Germany,1317.0,658.45,2
2011-01-16,United Kingdom,7242.0,289.68,22
2011-01-14,Netherlands,10389.0,10389.06,1
2011-01-14,EIRE,16775.0,16774.72,1
2011-01-14,Germany,534.0,178.01,2
2011-01-14,France,1790.0,596.81,3
2011-01-14,Australia,177.0,177.0,1
2011-01-14,United Kingdom,17912.0,471.36,29
2011-01-13,Germany,753.0,753.45,1
2011-01-13,United Kingdom,18263.0,434.82,39
2011-01-13,Italy,1609.0,1608.66,1
2011-01-12,United Kingdom,21829.0,559.71,36
2011-01-12,Belgium,651.0,651.16,1
2011-01-12,Cyprus,548.0,547.5,1
2011-01-12,Germany,251.0,250.65,1
2011-01-12,France,1416.0,471.88,3
2011-01-11,Australia,462.0,462.5,1
2011-01-11,United Kingdom,61972.0,1239.44,39
2011-01-11,Spain,4564.0,2282.15,2
2011-01-11,France,1513.0,378.16,4
2011-01-11,Germany,144.0,144.26,1
2011-01-10,Australia,82.0,81.6,1
2011-01-10,Israel,380.0,379.84,0
2011-01-10,Germany,682.0,341.17,2
2011-01-10,Spain,1716.0,1715.85,1
2011-01-10,France,1238.0,1238.06,1
2011-01-10,United Kingdom,20471.0,620.35,27
2011-01-09,Portugal,1100.0,550.08,2
2011-01-09,France,114.0,114.0,1
2011-01-09,EIRE,258.0,258.0,1
2011-01-09,United Kingdom,14306.0,325.14,44
2011-01-07,France,1065.0,532.55,2
2011-01-07,Spain,1139.0,1138.67,1
2011-01-07,United Kingdom,22657.0,492.54,38
2011-01-07,Germany,3976.0,994.03,4
2011-01-06,Australia,7154.0,3577.19,2
2011-01-06,France,799.0,399.51,2
2011-01-06,United Kingdom,32429.0,704.99,41
2011-01-05,United Kingdom,31243.0,589.5,43
2011-01-05,France,1391.0,695.59,2
2011-01-04,United Kingdom,15479.0,442.24,33
2011-01-04,Sweden,548.0,547.56,1
2010-12-23,Germany,1392.0,695.78,2
2010-12-23,EIRE,290.0,289.85,1
2010-12-23,United Kingdom,10395.0,433.11,12
2010-12-22,United Kingdom,5489.0,365.92,11
2010-12-22,France,110.0,110.4,1
2010-12-22,Belgium,601.0,600.72,1
2010-12-21,EIRE,762.0,762.3,1
2010-12-21,Italy,384.0,383.7,1
2010-12-21,Netherlands,8521.0,8520.92,1
2010-12-21,United Kingdom,37178.0,758.73,18
2010-12-21,France,221.0,110.64,1
2010-12-21,Belgium,238.0,237.93,1
2010-12-20,Netherlands,71.0,70.96,1
2010-12-20,United Kingdom,23508.0,427.41,36
2010-12-20,France,1371.0,685.6,2
2010-12-20,Germany,632.0,631.96,1
2010-12-20,Bahrain,206.0,205.74,0
2010-12-20,Switzerland,1002.0,1001.52,1
2010-12-19,United Kingdom,6654.0,316.85,15
2010-12-19,EIRE,411.0,411.1,1
2010-12-19,Germany,470.0,469.87,1
2010-12-17,Spain,168.0,168.0,1
2010-12-17,Australia,416.0,415.7,1
2010-12-17,Sweden,2646.0,2646.3,1
2010-12-17,Belgium,625.0,312.58,2
2010-12-17,Germany,4691.0,586.35,7
2010-12-17,Portugal,463.0,463.5,1
2010-12-17,EIRE,1424.0,712.06,1
2010-12-17,United Kingdom,34357.0,731.01,34
2010-12-17,France,350.0,175.14,2
2010-12-17,Austria,277.0,277.2,1
2010-12-16,United Kingdom,47748.0,404.64,95
2010-12-16,Finland,893.0,892.8,1
2010-12-16,EIRE,707.0,707.06,1
2010-12-16,France,5.0,4.95,1
2010-12-15,United Kingdom,30249.0,414.37,65
2010-12-15,France,196.0,195.89,1
2010-12-14,Sweden,1188.0,1188.0,1
2010-12-14,United Kingdom,42476.0,482.68,71
2010-12-14,Cyprus,1591.0,1590.82,1
2010-12-13,Spain,881.0,881.01,1
2010-12-13,Germany,12.0,12.45,1
2010-12-13,United Kingdom,37113.0,545.78,57
2010-12-12,United Kingdom,13738.0,319.5,41
2010-12-12,Japan,3591.0,3590.59,1
2010-12-10,Germany,2360.0,1180.21,1
2010-12-10,EIRE,1156.0,1156.05,1
2010-12-10,France,1072.0,1071.9,1
2010-12-10,Portugal,312.0,311.95,1
2010-12-10,United Kingdom,54283.0,753.93,49
2010-12-09,Portugal,254.0,254.03,1
2010-12-09,Channel Islands,364.0,363.53,1
2010-12-09,Germany,919.0,306.36,3
2010-12-09,Japan,3794.0,3794.4,1
2010-12-09,EIRE,946.0,945.55,1
2010-12-09,France,1860.0,464.93,3
2010-12-09,Spain,175.0,174.72,1
2010-12-09,United Kingdom,43994.0,468.02,78
2010-12-09,Denmark,1282.0,1281.5,1
2010-12-08,Lithuania,63.0,63.0,1
2010-12-08,Norway,1868.0,1867.98,1
2010-12-08,Germany,523.0,522.7,1
2010-12-08,France,174.0,173.55,1
2010-12-08,Portugal,1149.0,1149.29,1
2010-12-08,United Kingdom,41355.0,375.95,93
2010-12-08,Australia,259.0,258.9,1
2010-12-07,France,1449.0,724.49,2
2010-12-07,United Kingdom,96861.0,1210.76,61
2010-12-07,Germany,597.0,596.8,1
2010-12-07,Iceland,712.0,711.79,1
2010-12-06,Germany,196.0,196.44,1
2010-12-06,United Kingdom,53322.0,549.71,79
2010-12-06,EIRE,1183.0,394.17,1
2010-12-06,Portugal,129.0,129.4,1
2010-12-05,United Kingdom,25853.0,327.26,69
2010-12-05,Germany,2477.0,619.17,3
2010-12-05,France,1527.0,1526.92,1
2010-12-05,Lithuania,1598.0,532.69,1
2010-12-05,Japan,320.0,320.08,1
2010-12-03,EIRE,2577.0,858.95,2
2010-12-03,Belgium,346.0,346.1,1
2010-12-03,Portugal,132.0,131.8,1
2010-12-03,Germany,556.0,185.18,3
2010-12-03,France,425.0,212.69,2
2010-12-03,United Kingdom,41309.0,764.98,37
2010-12-03,Poland,248.0,248.16,1
2010-12-03,Italy,428.0,427.8,1
2010-12-03,Switzerland,303.0,303.4,1
2010-12-03,Spain,620.0,620.0,1
2010-12-02,Germany,155.0,155.35,1
2010-12-02,United Kingdom,47571.0,339.79,97
2010-12-02,EIRE,23.0,22.5,1
2010-12-01,Norway,1919.0,1919.14,1
2010-12-01,EIRE,555.0,277.69,1
2010-12-01,Australia,358.0,358.25,1
2010-12-01,United Kingdom,54818.0,456.82,89
2010-12-01,Netherlands,193.0,192.6,1
2010-12-01,France,856.0,855.86,1
2010-12-01,Germany,261.0,261.48,1
